MLP-All,MLP-RFE,RF-All,RF-RFE,KNN-All,KNN-RFE
0.015444015444015443,0.06126126126126126,0.8929214929214929,0.8918918918918919,0.7687258687258687,0.8561132561132562
0.02115158636897767,0.036036036036036036,0.8911196911196912,0.8244530244530245,0.8196267696267696,0.7315958815958816
0.006944444444444444,0.05555555555555555,0.8288359788359787,0.8854497354497355,0.8121693121693121,0.7260582010582011
0.00966183574879227,0.006349206349206349,0.8925925925925926,0.801058201058201,0.8080026455026456,0.8080026455026454
0.07693602693602693,0.2060846560846561,0.8862433862433863,0.8703703703703703,0.799074074074074,0.7509259259259259
