Model,Mean,Std,CI
RF-All,0.8783426283426283,0.024868407377730405,0.02179812016039489
RF-RFE,0.8546446446446447,0.03568375081923525,0.03127818666939774
KNN-All,0.801519734019734,0.0176902529547527,0.015506190393229471
KNN-RFE,0.774539182039182,0.05005247522775495,0.04387292892414266
MLP-RFE,0.07305734305734306,0.06922756502925931,0.060680636198306714
MLP-All,0.026027581788451347,0.025920882583609545,0.022720655353546594
